{
  "angry": 46.99130630493164,
  "disgust": 2.7023117965541132e-08,
  "fear": 0.1357496976852417,
  "happy": 0.011534764431416988,
  "sad": 40.55935287475586,
  "surprise": 3.7405121133815555e-07,
  "neutral": 12.30206298828125
}